{
  "version": "7",
  "dialect": "mysql",
  "entries": [
    {
      "idx": 0,
      "version": "5",
      "when": 1767702209957,
      "tag": "0000_legal_morph",
      "breakpoints": true
    },
    {
      "idx": 1,
      "version": "5",
      "when": 1767702294531,
      "tag": "0001_silky_sunspot",
      "breakpoints": true
    },
    {
      "idx": 2,
      "version": "5",
      "when": 1767711029271,
      "tag": "0002_third_xavin",
      "breakpoints": true
    },
    {
      "idx": 3,
      "version": "5",
      "when": 1767711458598,
      "tag": "0003_lethal_tusk",
      "breakpoints": true
    }
  ]
}